Games	Category	Type	Date	Price	Area	Platform
Wave	App	Other	2023-05-04	$0.00	Global	Neo 3 Link Onboard,PICO 4 Onboard
Synth Riders	Game	Music | Rhythm	2023-04-27	$24.99	Global	Neo 3 Link Onboard,PICO 4 Onboard
interkosmos2000	Game	Adventure	2023-04-27	$19.99	Global	Neo 3 Link Onboard,PICO 4 Onboard
Presentiment of Death	Game	Adventure	2023-04-27	$14.99	Global	Neo 3 Link Onboard,PICO 4 Onboard
Dead Second	Game	Shooter	2023-04-27	$14.99	Global	Neo 3 Link Onboard,PICO 4 Onboard
Cactus Cowboy - Plants At War	Game	Shooter	2023-04-27	$0.00	Global	Neo 3 Link Onboard,PICO 4 Onboard
Koord Coach	Game	Fitness	2023-04-27	$0.00	Global	Neo 3 Link Onboard,PICO 4 Onboard
Ghost Signal - A Stellaris Game	Game	Action | Fighting	2023-04-25	$19.99	Global	Neo 3 Link Onboard,PICO 4 Onboard
MOSS 2	Game	Adventure	2023-04-20	$29.99	Global	Neo 3 Link Onboard,PICO 4 Onboard
Captain Toonhead	Game	Shooter	2023-04-20	$19.99	Global	Neo 3 Link Onboard,PICO 4 Onboard
Book of Distance	App	Other	2023-04-20	$6.99	Global	Neo 3 Link Onboard,PICO 4 Onboard
Gravity Lab	App	Puzzle	2023-04-20	$14.99	Global	Neo 3 Link Onboard,PICO 4 Onboard
Futuclass	App	Other	2023-04-20	$0.00	Global	Neo 3 Link Onboard,PICO 4 Onboard
Final Soccer	Game	Fitness	2023-04-20	$0.00	Global	Neo 3 Link Onboard,PICO 4 Onboard
Final Soccer PRO	Game	Fitness	2023-04-20	$9.99	Global	Neo 3 Link Onboard,PICO 4 Onboard
Breachers	Game	Shooter	2023-04-13	$29.99	Global	Neo 3 Link Onboard,PICO 4 Onboard
First Person Tennis	Game	Fitness	2023-04-13	$22.99	Global	Neo 3 Link Onboard,PICO 4 Onboard
BattleGroupVR	Game	Shooter	2023-04-13	$24.99	Global	Neo 3 Link Onboard,PICO 4 Onboard
Eternal notre dame	App	Other	2023-04-13	$10.99	Global	Neo 3 Link Onboard,PICO 4 Onboard
David Slade Mysteries: Case Files	Game	Puzzle	2023-04-13	$9.99	Global	Neo 3 Link Onboard,PICO 4 Onboard
Wolvic	App	Other	2023-04-13	$0.00	Global	Neo 3 Link Onboard,PICO 4 Onboard
The Twilight Zone	Game	Horror	2023-04-13	$19.99	Global	Neo 3 Link Onboard,PICO 4 Onboard
Realm of Dream	Game	Puzzle	2023-04-13	$0.00	Global	Neo 3 Link Onboard,PICO 4 Onboard
Fruit Ninja 2	Game	Puzzle	2023-04-06	$19.99	Global	Neo 3 Link Onboard,PICO 4 Onboard
Sucker Punch VR	Game	Fitness	2023-04-06	$19.99	Global	Neo 3 Link Onboard,PICO 4 Onboard
Seeker: My Shadow	Game	Adventure	2023-04-06	$16.99	Global	Neo 3 Link Onboard,PICO 4 Onboard
Brisk Square	Game	Puzzle	2023-04-06	$7.99	Global	Neo 3 Link Onboard,PICO 4 Onboard
Into the Radius	Game	Shooter	2023-03-30	$29.99	Global	Neo 3 Link Onboard,PICO 4 Onboard
Jurassic World: Aftermath	Game	Adventure	2023-03-30	$29.99	Global	Neo 3 Link Onboard,PICO 4 Onboard
Paranormal Detective: Escape the 80s	Game	Puzzle	2023-03-30	$9.99	Global	Neo 3 Link Onboard,PICO 4 Onboard
Human Anatomy VR	App	Other	2023-03-30	$29.99	Global	Neo 3 Link Onboard,PICO 4 Onboard
Smash Walls: RogueBall	Game	Fitness	2023-03-30	$4.99	Global	PICO 4 Onboard
Paranormal Detective: Escape the 90s	Game	Puzzle	2023-03-30	$11.99	Global	Neo 3 Link Onboard,PICO 4 Onboard
FitXR	Game	Fitness	2023-03-25	$0.00	Global	Neo 3 Link Onboard,PICO 4 Onboard
Garden of the Sea	Game	Puzzle	2023-03-23	$22.99	Global	Neo 3 Link Onboard,PICO 4 Onboard
VR Fitness One	Game	Fitness	2023-03-23	$29.99	Global	Neo 3 Link Onboard,PICO 4 Onboard
Gladius	Game	Puzzle	2023-03-23	$14.99	Global	Neo 3 Link Onboard,PICO 4 Onboard
Space Guardian	Game	Shooter	2023-03-23	$9.99	Global	Neo 3 Link Onboard,PICO 4 Onboard
puttzzle	Game	Fitness	2023-03-23	$2.99	Global	Neo 3 Link Onboard,PICO 4 Onboard
realm sport	Game	Puzzle	2023-03-23	$2.99	Global	Neo 3 Link Onboard,PICO 4 Onboard
A township tale	Game	RPG	2023-03-16	$9.99	Global	Neo 3 Link Onboard,PICO 4 Onboard
Mutrix	Game	Music | Rhythm	2023-03-16	$0.00	Global	Neo 3 Link Onboard,PICO 4 Onboard
Drop Dead the cabins	Game	Shooter	2023-03-16	$24.99	Global	PICO 4 Onboard
Vermillion	Game	Puzzle	2023-03-16	$19.99	Global	Neo 3 Link Onboard,PICO 4 Onboard
Immersed	App	Other	2023-03-16	$0.00	Global	Neo 3 Link Onboard,PICO 4 Onboard
ExtinctionZoo	Game	Puzzle	2023-03-16	$9.99	Global	Neo 3 Link Onboard,PICO 4 Onboard
Iron Guard	Game	Shooter	2023-03-16	$14.99	Global	Neo 3 Link Onboard,PICO 4 Onboard
Arthur	App	Other	2023-03-16	$0.00	Global	Neo 3 Link Onboard,PICO 4 Onboard
Peaky Blinders: The King’s Ransom	Game	Adventure | RPG	2023-03-09	$29.99	No Korea	Neo 3 Link Onboard,PICO 4 Onboard
Galactic Catch	Game	Puzzle	2023-03-09	$14.99	Global	Neo 3 Link Onboard,PICO 4 Onboard
Tarzan VR™	Game	Action | Fighting	2023-03-09	$9.99	Global	Neo 3 Link Onboard,PICO 4 Onboard
Shadowgate VR: The Mines of Mythrok	Game	Action | Fighting	2023-03-09	$24.99	Global	Neo 3 Link Onboard,PICO 4 Onboard
Shock Troops	Game	Shooter	2023-03-09	$9.99	Global	Neo 3 Link Onboard,PICO 4 Onboard
Omega Pilot	Game	Simulation	2023-03-09	$14.99	Global	Neo 3 Link Onboard,PICO 4 Onboard
Gone Man	Game	Adventure	2023-03-03	$9.99	Global	Neo 3 Link Onboard,PICO 4 Onboard
Groove Fit island	Game	Fitness	2023-03-02	$11.99	Global	Neo 3 Link Onboard,PICO 4 Onboard
The secret pyramid	Game	Action | Fighting	2023-03-02	$5.99	Global	Neo 3 Link Onboard,PICO 4 Onboard
Omission	App	Other	2023-03-02	$0.00	Global	Neo 3 Link Onboard,PICO 4 Onboard
Moss	Game	Adventure	2023-02-23	$19.99	Global	Neo 3 Link Onboard,PICO 4 Onboard
Wraith: The Oblivion-afterlife	Game	Adventure	2023-02-23	$19.99	Global	Neo 3 Link Onboard,PICO 4 Onboard
Eternal Starlight	Game	Shooter	2023-02-23	$19.99	Global	Neo 3 Link Onboard,PICO 4 Onboard
Tranzient Lite	App	Other	2023-02-16	$0.00	Global	Neo 3 Link Onboard,PICO 4 Onboard
Arrowhead - Medieval Archery VR	Game	Shooter	2023-02-16	$9.99	Global	Neo 3 Link Onboard,PICO 4 Onboard
League of Tabletop Games	Game	Puzzle	2023-02-16	$12.99	Global	Neo 3 Link Onboard,PICO 4 Onboard
Cleansheet	Game	Fitness	2023-02-16	$10.99	Global	Neo 3 Link Onboard,PICO 4 Onboard
Gun World VR	Game	Shooter	2023-02-16	$15.99	Global	Neo 3 Link Onboard,PICO 4 Onboard
Unbinary	Game	Other	2023-02-09	$14.99	Global	Neo 3 Link Onboard,PICO 4 Onboard
气球总动员	Game	Puzzle	2023-02-09	$4.99	Global	Neo 3 Link Onboard,PICO 4 Onboard
Learn lithography	App	Other	2023-02-09	$0.00	Global	Neo 3 Link Onboard,PICO 4 Onboard
Blaston	Game	Shooter | Action | Fighting	2023-02-02	$0.00	Global	Neo 3 Link Onboard,PICO 4 Onboard
Madame Pirate	App	Other	2023-02-02	$0.00	Global	Neo 3 Link Onboard,PICO 4 Onboard
Cybrix	Game	Fitness	2023-02-02	$9.99	Global	PICO 4 Onboard
Enhance VR	App	Other	2023-02-02	$0.00	Global	Neo 3 Link Onboard,PICO 4 Onboard
KungFu Beat	Game	Music | Rhythm | Action | Fighting	2023-02-02	$9.99	Global	Neo 3 Link Onboard,PICO 4 Onboard
Power Punch	Game	Action | Fighting	2023-02-02	$12.99	Global	Neo 3 Link Onboard,PICO 4 Onboard
DeoVR	App	Other	2023-01-26	$0.00	Global	Neo 3 Link Onboard,PICO 4 Onboard
The Room VR: A Dark Matter	Game	Adventure	2023-01-19	$29.99	Global	Neo 3 Link Onboard,PICO 4 Onboard
Primal Hunt	Game	Shooter	2023-01-19	$29.99	Global	Neo 3 Link Onboard,PICO 4 Onboard
Wave Your Blade In Dance	Game	Music | Rhythm	2023-01-19	$2.99	Global	Neo 3 Link Onboard,PICO 4 Onboard
Vault of star	Game	Puzzle	2023-01-19	$9.99	Global	PICO 4 Onboard
Attack on King: Reloaded	Game	Shooter	2023-01-19	$9.99	Global	Neo 3 Link Onboard,PICO 4 Onboard
cave digger2	Game	Puzzle	2023-01-12	$24.99	Global	Neo 3 Link Onboard,PICO 4 Onboard
1976 back to midway	Game	Shooter	2023-01-12	$11.99	Global	Neo 3 Link Onboard,PICO 4 Onboard
1976 back to midway demo	Game	Shooter	2023-01-12	$0.00	Global	Neo 3 Link Onboard,PICO 4 Onboard
The Calvin Harris Experienc	App	Other	2023-01-09	$0.00	Global	Neo 3 Link Onboard,PICO 4 Onboard
Ultra Wings 2	Game	Shooter	2023-01-05	$24.99	Global	Neo 3 Link Onboard,PICO 4 Onboard
Tank Hunter	Game	Shooter	2023-01-05	$9.99	Global	Neo 3 Link Onboard,PICO 4 Onboard
Magic Puzzle: Dragon & Sword Demo	Game	Puzzle	2023-01-05	$0.99	Global	Neo 3 Link Onboard,PICO 4 Onboard
Math World VR	Game	Puzzle	2023-01-05	$9.99	Global	Neo 3 Link Onboard,PICO 4 Onboard
Blinky	App	Other	2023-01-03	$0.00	Only Japan	Neo 3 Link Onboard,PICO 4 Onboard
Totally Baseball	Game	Fitness	2022-12-29	$14.99	Global	Neo 3 Link Onboard,PICO 4 Onboard
Wander	Game	Other	2022-12-29	$9.99	Global	Neo 3 Link Onboard,PICO 4 Onboard
Golf 5 eClub	Game	Fitness	2022-12-29	$19.99	Global	PICO 4 Onboard
Chess: Multiverse Journey	Game	Puzzle	2022-12-29	$0.00	Global	Neo 3 Link Onboard,PICO 4 Onboard
Fading Light: Antiworld	Game	Adventure	2022-12-29	$5.99	Global	Neo 3 Link Onboard,PICO 4 Onboard
Glory Guard VR	Game	Action | Fighting	2022-12-29	$2.99	Global	Neo 3 Link Onboard,PICO 4 Onboard
tower defender	Game	Puzzle	2022-12-29	$9.99	Global	Neo 3 Link Onboard,PICO 4 Onboard
Pets VR	Game	Puzzle	2022-12-27	$4.99	Global	Neo 3 Link Onboard,PICO 4 Onboard
The Walking Dead: S&S - Chapter 2: Retribution	Game	Shooter	2022-12-23	$39.99	Global	Neo 3 Link Onboard,PICO 4 Onboard
Color Connect	Game	Puzzle	2022-12-23	$9.99	Global	Neo 3 Link Onboard,PICO 4 Onboard
Cooking Simulator	Game	Simulation	2022-12-22	$24.99	Global	Neo 3 Link Onboard,PICO 4 Onboard
Till tomorrow	Game	Puzzle	2022-12-22	$9.99	Global	Neo 3 Link Onboard,PICO 4 Onboard
Lucky Fish Bread	Game	Puzzle	2022-12-22	$11.99	Global	Neo 3 Link Onboard,PICO 4 Onboard
Pistol Whip	Game	Shooter	2022-12-15	$29.99	Global	Neo 3 Link Onboard,PICO 4 Onboard
Survival Nation	Game	Shooter	2022-12-15	$29.99	Global	Neo 3 Link Onboard,PICO 4 Onboard
Pioneer: Endless Journey	Game	Shooter	2022-12-15	$0.00	Global	Neo 3 Link Onboard,PICO 4 Onboard
Ancient Dungeon	Game	Adventure	2022-12-09	$19.99	Global	Neo 3 Link Onboard,PICO 4 Onboard
Red Matter 2	Game	Adventure	2022-12-08	$29.99	Global	Neo 3 Link Onboard,PICO 4 Onboard
Beers and Boomerangs	Game	Puzzle	2022-12-08	$19.99	Global	Neo 3 Link Onboard,PICO 4 Onboard
Peaky Blinders Demo	Game	Adventure	2022-12-01	$0.00	Global,No Korea	Neo 3 Link Onboard,PICO 4 Onboard
Squingle	Game	Puzzle	2022-12-01	$14.99	Global	Neo 3 Link Onboard,PICO 4 Onboard
Gun Raiders	Game	Shooter	2022-11-25	$0.00	Global	Neo 3 Link Onboard,PICO 4 Onboard
Creed: Rise to Glory™	Game	Action | Fighting	2022-11-25	$29.99	Global	Neo 3 Link Onboard,PICO 4 Onboard
Little Cities	Game	Simulation	2022-11-24	$19.99	Global	Neo 3 Link Onboard,PICO 4 Onboard
The Fight	Game	Action | Fighting	2022-11-24	$4.99	Global	Neo 3 Link Onboard,PICO 4 Onboard
Beat Blaster	Game	Music | Rhythm | Sports | Fitness	2022-11-17	$9.99	Global	Neo 3 Link Onboard,PICO 4 Onboard
Nock	Game	Fitness	2022-11-17	$9.99	Global	Neo 3 Link Onboard,PICO 4 Onboard
Drop Dead	Game	Shooter	2022-11-17	$14.99	Global	Neo 3 Link Onboard,PICO 4 Onboard
Sairento VR: Untethered	Game	Shooter	2022-11-17	$19.99	Global	Neo 3 Link Onboard,PICO 4 Onboard
Legendary Hunter VR	Game	Simulation	2022-11-17	$0.00	Global	Neo 3 Link Onboard,PICO 4 Onboard
The Patcher	Game	Action | Fighting	2022-11-10	$24.99	Global	Neo 3 Link Onboard,PICO 4 Onboard
Millennial Female Ghost	Game	Horror	2022-11-10	$6.99	Global	Neo 3 Link Onboard,PICO 4 Onboard
Omission Meeting	App	Other	2022-11-10	$0.00	Global	Neo 3 Link Onboard,PICO 4 Onboard
Space Fitness	Game	Fitness	2022-11-10	$5.00	Global	Neo 3 Link Onboard,PICO 4 Onboard
Outlaws	Game	RPG	2022-11-10	$4.99	Global	Neo 3 Link Onboard,PICO 4 Onboard
cube riddle	Game	Puzzle	2022-11-09	$0.00	Global	Neo 3 Link Onboard,PICO 4 Onboard
CRIME CRACKER	Game	Shooter	2022-11-08	$4.99	Global	Neo 3 Link Onboard,PICO 4 Onboard
STYLY	App	Other	2022-11-07	$0.00	Global	Neo 3 Link Onboard,PICO 4 Onboard
Operation Warcade demo	Game	Shooter	2022-11-03	$0.00	Global	Neo 3 Link Onboard,PICO 4 Onboard
Warhammer 40,000: Battle Sister	Game	Shooter	2022-10-27	$19.99	Global	Neo 3 Link Onboard,PICO 4 Onboard
Blast Beat	Game	Fitness	2022-10-27	$19.99	Global	Neo 3 Link Onboard,PICO 4 Onboard
Spacefolk City	Game	Puzzle	2022-10-27	$19.99	Global	Neo 3 Link Onboard,PICO 4 Onboard
MasterBuilder	Game	Puzzle	2022-10-27	$13.99	Global	PICO 4 Onboard
Star Shaman	Game	RPG	2022-10-27	$9.99	Global	Neo 3 Link Onboard,PICO 4 Onboard
Madrid Noir	App	Other	2022-10-27	$0.00	Global	Neo 3 Link Onboard,PICO 4 Onboard
Private Property	Game	Shooter	2022-10-25	$12.99	Global	Neo 3 Link Onboard,PICO 4 Onboard
The Tale of Onogoro	Game	RPG	2022-10-20	$29.99	Global	Neo 3 Link Onboard,PICO 4 Onboard
Rush	Game	Racing	2022-10-20	$19.99	Global	Neo 3 Link Onboard,PICO 4 Onboard
MageCosmos	Game	Social	2022-10-20	$0.00	Global	Neo 3 Link Onboard,PICO 4 Onboard
Escape Legacy VR	Game	Horror	2022-10-20	$2.99	Global	Neo 3 Link Onboard,PICO 4 Onboard
Lost in Abyss	Game	Horror	2022-10-13	$6.00	Global	Neo 3 Link Onboard,PICO 4 Onboard
Virtual Desktop	App	Other	2022-10-13	$19.99	Global	Neo 3 Link Onboard,PICO 4 Onboard
Little Monster: Super Party（Korean）	Game	Social	2022-10-13	$0.00	Only Korea	Neo 3 Link Onboard,PICO 4 Onboard
Rezzil Player	Game	Fitness	2022-10-13	$14.99	Global	Neo 3 Link Onboard,PICO 4 Onboard
Goliath: Playing with Reality	Game	Other	2022-10-13	$0.00	Global	Neo 3 Link Onboard,PICO 4 Onboard
Space Pirate Trainer	Game	Shooter	2022-10-06	$19.99	Global	Neo 3 Link Onboard,PICO 4 Onboard
Townscaper	Game	Puzzle	2022-10-06	$9.99	Global	Neo 3 Link Onboard,PICO 4 Onboard
Ruins Magus	Game	Adventure	2022-10-06	$34.99	Global	Neo 3 Link Onboard,PICO 4 Onboard
Gorn	Game	Action | Fighting	2022-10-06	$19.99	Global	Neo 3 Link Onboard,PICO 4 Onboard
Drums Rock	Game	Music | Rhythm	2022-10-06	$19.99	Global	Neo 3 Link Onboard,PICO 4 Onboard
Fruit Ninja	Game	Puzzle	2022-10-06	$14.99	Global	PICO 4 Onboard
2MD: VR Football Unleashed ALL-STAR	Game	Fitness	2022-09-29	$14.99	Global	Neo 3 Link Onboard,PICO 4 Onboard
Aery - A Journey Beyond Time VR	Game	Puzzle	2022-09-29	$5.99	Global	Neo 3 Link Onboard,PICO 4 Onboard
Aery - Broken Memories	Game	Puzzle	2022-09-29	$5.99	Global	Neo 3 Link Onboard,PICO 4 Onboard
Aery - Calm Mind VR	Game	Puzzle	2022-09-29	$5.99	Global	Neo 3 Link Onboard,PICO 4 Onboard
Aery - Dreamscape	Game	Puzzle	2022-09-29	$5.99	Global	Neo 3 Link Onboard,PICO 4 Onboard
Doctor Who: The Edge of Time	Game	Adventure	2022-09-29	$18.99	Global	Neo 3 Link Onboard,PICO 4 Onboard
Realms of Eternity	Game	Action | Fighting	2022-09-29	$9.99	Global	Neo 3 Link Onboard,PICO 4 Onboard
Immortal Legacy: The Jade Cipher	Game	Adventure	2022-09-29	$9.99	Global	Neo 3 Link Onboard,PICO 4 Onboard
Reflection	Game	Adventure	2022-09-29	$9.99	Global	Neo 3 Link Onboard,PICO 4 Onboard
Les Mills Bodycombat	Game	Fitness	2022-09-29	$29.99	Global	Neo 3 Link Onboard,PICO 4 Onboard
Green Hell VR	Game	Adventure	2022-09-27	$29.99	Global	Neo 3 Link Onboard,PICO 4 Onboard
Espire 1	Game	Shooter | Sci-Fi | Action	2022-09-27	$29.99	Global	Neo 3 Link Onboard,PICO 4 Onboard
Real VR Fishing	Game	Simulation	2022-09-27	$19.99	Global	Neo 3 Link Onboard,PICO 4 Onboard
All-In-One Summer Sports VR	Game	Fitness	2022-09-27	$14.99	Global	Neo 3 Link Onboard,PICO 4 Onboard
Blade & Sorcery: Nomad	Game	Adventure	2022-09-27	$19.99	Global	Neo 3 Link Onboard,PICO 4 Onboard
Shores of Loci	Game	Puzzle	2022-09-27	$14.99	Global	Neo 3 Link Onboard,PICO 4 Onboard
Rec Room	Game	Social	2022-09-27	$0.00	Global	Neo 3 Link Onboard,PICO 4 Onboard
Alvo VR	Game	Shooter	2022-09-22	$14.99	Global	Neo 3 Link Onboard,PICO 4 Onboard
Mini Motor Racing X	Game	Racing	2022-09-22	$14.99	Global	Neo 3 Link Onboard,PICO 4 Onboard
Virtuoso	App	Other	2022-09-22	$14.99	Global	Neo 3 Link Onboard,PICO 4 Onboard
Aery VR - Little Bird Adventure	Game	Puzzle	2022-09-22	$5.99	Global	Neo 3 Link Onboard,PICO 4 Onboard
Ultimechs	Game	Fitness	2022-09-16	$0.00	Global	Neo 3 Link Onboard,PICO 4 Onboard
Tentacular	Game	Puzzle | Adventure	2022-09-15	$24.99	Global	Neo 3 Link Onboard,PICO 4 Onboard
Spheres	App	Other	2022-09-15	$0.00	Global	Neo 3 Link Onboard,PICO 4 Onboard
Hangman at Home	App	Other	2022-09-15	$0.00	Global	Neo 3 Link Onboard,PICO 4 Onboard
Jellyfish	App	Other	2022-09-15	$0.00	Global	Neo 3 Link Onboard,PICO 4 Onboard
Paper Birds	App	Other	2022-09-15	$0.00	Global	Neo 3 Link Onboard,PICO 4 Onboard
Dance Hime: Rhythmic elimination	Game	Puzzle	2022-09-15	$14.99	Global	Neo 3 Link Onboard,PICO 4 Onboard
AFFECTED: The Manor - Complete Edition	Game	Adventure	2022-09-08	$9.99	Global	Neo 3 Link Onboard,PICO 4 Onboard
TOKYO CHRONOS	Game	Adventure	2022-09-08	$29.99	Global	Neo 3 Link Onboard,PICO 4 Onboard
Knockout League	Game	Fitness | Action | Fighting	2022-09-08	$19.99	Global	Neo 3 Link Onboard,PICO 4 Onboard
ContractorsVR	Game	Shooter	2022-09-01	$19.99	Global	Neo 3 Link Onboard,PICO 4 Onboard
Richie's Plank Experience	Game	Puzzle | Simulation	2022-08-25	$14.99	Global	Neo 3 Link Onboard,PICO 4 Onboard
V-Speedway	Game	Racing	2022-08-25	$0.00	Global	Neo 3 Link Onboard,PICO 4 Onboard
Crazy World VR	Game	Sports | Fitness | Social | Interaction	2022-08-25	$19.99	Global	Neo 3 Link Onboard,PICO 4 Onboard
Cities: VR	App	Simulation	2022-08-18	$29.99	Global	Neo 3 Link Onboard,PICO 4 Onboard
Song in the Smoke	Game	Adventure | RPG	2022-08-18	$29.99	Global	Neo 3 Link Onboard,PICO 4 Onboard
Archery Land	Game	Fitness | Shooter	2022-08-18	$4.99	Global	Neo 3 Link Onboard,PICO 4 Onboard
Rainbow Reactor: Fusion	Game	Puzzle	2022-08-18	$11.99	Global	Neo 3 Link Onboard,PICO 4 Onboard
Pico Video	App	Other	2022-07-15	$0.00	Germany, France, Spain, Netherlands, Japan, Korea, Malaysia, Singapore	Neo 3 Link Onboard,PICO 4 Onboard
SolarBlack	Game	Music | Rhythm | Sports | Fitness	2022-07-14	$19.99	Global	Neo 3 Link Onboard,PICO 4 Onboard
ARK-ADE	Game	Shooter	2022-07-11	$9.99	Global	Neo 3 Link Onboard,PICO 4 Onboard
Gun Club VR	Game	Shooter | Simulation	2022-07-07	$19.99	Global	Neo 3 Link Onboard,PICO 4 Onboard
Wands Alliances	Game	RPG	2022-07-02	$19.99	Global	Neo 3 Link Onboard,PICO 4 Onboard
Pierhead Arcade 2 Mobile	Game	Social | Puzzle	2022-06-30	$14.99	Global	Neo 3 Link Onboard,PICO 4 Onboard
BoomBox	Game	Music | Rhythm	2022-06-30	$19.99	Global	Neo 3 Link Onboard,PICO 4 Onboard
OPERATION SERPENS	Game	Shooter	2022-06-24	$7.99	Global	Neo 3 Link Onboard,PICO 4 Onboard
Virtual Fighting Championship	Game	Action | Fighting	2022-06-24	$19.99	Global	Neo 3 Link Onboard,PICO 4 Onboard
Down the Rabbit Hole	Game	Adventure | RPG	2022-06-24	$19.99	Global	Neo 3 Link Onboard,PICO 4 Onboard
Arithmaze	Game	Puzzle	2022-06-21	$6.00	Global	Neo 3 Link Onboard,PICO 4 Onboard
Audio Trip	Game	Music | Rhythm	2022-06-20	$19.99	Global	Neo 3 Link Onboard,PICO 4 Onboard
Last Labyrinth	Game	Adventure | RPG	2022-06-20	$29.99	Global	Neo 3 Link Onboard,PICO 4 Onboard
Clash of Chefs VR	Game	Social | Puzzle | Simulation	2022-06-16	$9.99	Global	Neo 3 Link Onboard,PICO 4 Onboard
Warplanes: Battles over Pacific	Game	Shooter	2022-06-16	$19.99	Global	Neo 3 Link Onboard,PICO 4 Onboard
AGAINST	Game	Fitness	2022-06-16	$19.99	Global	Neo 3 Link Onboard,PICO 4 Onboard
Walkabout Mini Golf VR	Game	Sports | Fitness | Simulation	2022-06-15	$14.99	Global	Neo 3 Link Onboard,PICO 4 Onboard
OhShape Full Version	Game	Fitness	2022-06-15	$19.99	Global	Neo 3 Link Onboard,PICO 4 Onboard
Smash Drums	Game	Music | Rhythm | Sports | Fitness	2022-06-13	$14.99	Global	Neo 3 Link Onboard,PICO 4 Onboard
STRIDE	Game	Fitness | Racing	2022-06-09	$14.99	Global	Neo 3 Link Onboard,PICO 4 Onboard
Anshar 2: Hyperdrive	Game	Shooter	2022-06-09	$19.99	Global	Neo 3 Link Onboard,PICO 4 Onboard
VR Tourviewer	App	Other	2022-06-06	$0.00	Global	Neo 3 Link Onboard,PICO 4 Onboard
Solas Vr	App	Other	2022-06-06	$0.00	Global	Neo 3 Link Onboard,PICO 4 Onboard
Epic Roller Coasters VR	Game	Simulation	2022-05-24	$14.99	Global	Neo 3 Link Onboard,PICO 4 Onboard
Hitstream Demo	Game	Fitness	2022-05-24	$0.00	Global	Neo 3 Link Onboard,PICO 4 Onboard
VoiceRoom Demo	Game	Adventure	2022-05-24	$0.00	No Korea	Neo 3 Link Onboard,PICO 4 Onboard
Chimera Reader	App	Other	2022-05-24	$0.00	Global	Neo 3 Link Onboard,PICO 4 Onboard
Gravity sketch	App	Other	2022-05-24	$0.00	Global	Neo 3 Link Onboard,PICO 4 Onboard
virtualspeech	App	Other	2022-05-24	$0.00	Global	Neo 3 Link Onboard,PICO 4 Onboard
ArtPulse	Game	Puzzle	2022-05-24	$2.99	Global	Neo 3 Link Onboard,PICO 4 Onboard
The Rabbit Hole - Neo 2	Game	Adventure	2022-05-24	$2.99	Global	Neo 3 Link Onboard,PICO 4 Onboard
Apocalypse Rider - 6Dof	Game	Fitness | Racing	2022-05-24	$3.99	Global	Neo 3 Link Onboard,PICO 4 Onboard
You, Calligrapher	App	Puzzle | Simulation	2022-05-24	$4.64	No Korea,No Japan	Neo 3 Link Onboard,PICO 4 Onboard
RicoShooter - Neo2	Game	Shooter	2022-05-24	$4.99	Global	Neo 3 Link Onboard,PICO 4 Onboard
BATTLESCAR - Punk was invented by girls	App	Other	2022-05-24	$4.99	No Korea	Neo 3 Link Onboard,PICO 4 Onboard
Bait !	Game	Puzzle	2022-05-24	$5.99	Global	Neo 3 Link Onboard,PICO 4 Onboard
Crisis VRigade	Game	Shooter	2022-05-24	$5.99	Global	Neo 3 Link Onboard,PICO 4 Onboard
Bullet Roulette	Game	Puzzle	2022-05-24	$6.99	No Korea	Neo 3 Link Onboard,PICO 4 Onboard
Poly Star VR	Game	Puzzle	2022-05-24	$6.99	Global	Neo 3 Link Onboard,PICO 4 Onboard
The Curious Tale of the Stolen Pets	Game	Puzzle	2022-05-24	$7.00	Global	Neo 3 Link Onboard,PICO 4 Onboard
The Silent Doll	Game	Adventure	2022-05-24	$7.42	No Korea,No Germany	Neo 3 Link Onboard,PICO 4 Onboard
Wonderglade	Game	Puzzle	2022-05-24	$7.99	Global	Neo 3 Link Onboard,PICO 4 Onboard
Dance Collider	Game	Music | Rhythm | Sports | Fitness	2022-05-24	$8.99	Global	Neo 3 Link Onboard,PICO 4 Onboard
Cave Digger	Game	Puzzle	2022-05-24	$19.99	Global	Neo 3 Link Onboard,PICO 4 Onboard
Sep's Diner	Game	Puzzle | Simulation	2022-05-24	$8.99	Global	Neo 3 Link Onboard,PICO 4 Onboard
Party Pumper	Game	Music | Rhythm | Simulation	2022-05-24	$8.99	Global	Neo 3 Link Onboard,PICO 4 Onboard
Escape from Dungeon VR	Game	Shooter	2022-05-24	$8.99	No Korea,No Germany,No Japan	Neo 3 Link Onboard,PICO 4 Onboard
Song Beater: Quite My Tempo!	Game	Music | Rhythm | Sports | Fitness	2022-05-24	$9.49	Global	Neo 3 Link Onboard,PICO 4 Onboard
Crazy Kung Fu	Game	Action | Fighting	2022-05-24	$9.99	Global	Neo 3 Link Onboard,PICO 4 Onboard
Reiko's Fragments	Game	Adventure	2022-05-24	$9.99	Global	Neo 3 Link Onboard,PICO 4 Onboard
Tsuro - The Game of The Path	Game	Puzzle	2022-05-24	$9.99	Global	Neo 3 Link Onboard,PICO 4 Onboard
Shooty Skies Overdrive	Game	Puzzle	2022-05-24	$9.99	No Korea	Neo 3 Link Onboard,PICO 4 Onboard
Nature Treks	Game	Puzzle	2022-05-24	$9.99	Global	Neo 3 Link Onboard,PICO 4 Onboard
Flying Hero VR	Game	Puzzle | Racing	2022-05-24	$9.99	Global	Neo 3 Link Onboard,PICO 4 Onboard
Rocket Skates VR	Game	Fitness | Racing	2022-05-24	$9.99	Global	Neo 3 Link Onboard,PICO 4 Onboard
Pangman	Game	Shooter	2022-05-24	$9.99	Global	Neo 3 Link Onboard,PICO 4 Onboard
Descent Alps	Game	Simulation | Racing	2022-05-24	$9.99	Global	Neo 3 Link Onboard,PICO 4 Onboard
Cubism	Game	Puzzle	2022-05-24	$9.99	Global	Neo 3 Link Onboard,PICO 4 Onboard
Quest for Runia	Game	Puzzle	2022-05-24	$9.99	Global	Neo 3 Link Onboard,PICO 4 Onboard
Paradiddle	App	Music | Rhythm | Simulation	2022-05-24	$9.99	Global	Neo 3 Link Onboard,PICO 4 Onboard
Touring Karts	Game	Social | Racing	2022-05-24	$9.99	Global	Neo 3 Link Onboard,PICO 4 Onboard
DeathLap	Game	Shooter | Social | Racing	2022-05-24	$10.00	Global	Neo 3 Link Onboard,PICO 4 Onboard
Operation Warcade	Game	Shooter	2022-05-24	$12.99	Global	Neo 3 Link Onboard,PICO 4 Onboard
The Secret of Retropolis	Game	Adventure	2022-05-24	$12.99	Global	Neo 3 Link Onboard,PICO 4 Onboard
Jentrix	Game	Puzzle	2022-05-24	$14.99	Global	Neo 3 Link Onboard,PICO 4 Onboard
Puzzling Places	Game	Puzzle	2022-05-24	$14.99	Global	Neo 3 Link Onboard,PICO 4 Onboard
A Fisherman's Tale	Game	Adventure	2022-05-24	$14.99	Global	Neo 3 Link Onboard,PICO 4 Onboard
Cosmodread	Game	Adventure | RPG	2022-05-24	$14.99	Global	Neo 3 Link Onboard,PICO 4 Onboard
Angry Birds VR:  Isle of Pigs	Game	Puzzle	2022-05-24	$14.99	Global	Neo 3 Link Onboard,PICO 4 Onboard
End Space	Game	Shooter	2022-05-24	$14.99	Global	Neo 3 Link Onboard,PICO 4 Onboard
Yupitergrad	Game	Adventure	2022-05-24	$14.99	Global	Neo 3 Link Onboard,PICO 4 Onboard
JUST HOOPS	Game	Fitness	2022-05-24	$14.99	Global	Neo 3 Link Onboard,PICO 4 Onboard
Deisim	Game	Puzzle	2022-05-24	$14.99	Global	Neo 3 Link Onboard,PICO 4 Onboard
Racket: Nx	Game	Fitness	2022-05-24	$19.99	Global	Neo 3 Link Onboard,PICO 4 Onboard
Crisis Brigade 2 reloaded	Game	Shooter	2022-05-24	$19.99	Global	Neo 3 Link Onboard,PICO 4 Onboard
MultiBrush	App	Puzzle	2022-05-24	$19.99	Global	Neo 3 Link Onboard,PICO 4 Onboard
Hyper Dash INT	Game	Shooter	2022-05-24	$19.99	Global	Neo 3 Link Onboard,PICO 4 Onboard
All-In-One Sports VR : Global	Game	Sports | Fitness | Puzzle	2022-05-24	$19.99	Global	Neo 3 Link Onboard,PICO 4 Onboard
Elven Assassin	Game	Shooter	2022-05-24	$19.99	Global	Neo 3 Link Onboard,PICO 4 Onboard
Eleven Table Tennis	Game	Sports | Fitness | Simulation	2022-05-24	$29.99	Global	Neo 3 Link Onboard,PICO 4 Onboard
Warplanes: WW1 Fighters INT	Game	Shooter | Simulation	2022-05-24	$19.99	Global	Neo 3 Link Onboard,PICO 4 Onboard
Resist	Game	Shooter | RPG	2022-05-24	$19.99	Global	Neo 3 Link Onboard,PICO 4 Onboard
Hitstream	Game	Fitness	2022-05-24	$19.99	Global	Neo 3 Link Onboard,PICO 4 Onboard
X-Fitness	Game	Fitness	2022-05-24	$19.99	Global	Neo 3 Link Onboard,PICO 4 Onboard
Zombieland VR: Headshot Fever	Game	Shooter	2022-05-24	$19.99	Global	Neo 3 Link Onboard,PICO 4 Onboard
Death Horizon: Reloaded	Game	Shooter	2022-05-24	$19.99	Global	Neo 3 Link Onboard,PICO 4 Onboard
Cloudlands 2	Game	Fitness	2022-05-24	$19.99	Global	Neo 3 Link Onboard,PICO 4 Onboard
Wind Wind	Game	Puzzle	2022-05-24	$19.99	Global	Neo 3 Link Onboard,PICO 4 Onboard
Prison Boss VR	Game	Adventure	2022-05-24	$19.99	Global	Neo 3 Link Onboard,PICO 4 Onboard
Manny Boxing VR : Global	Game	Action | Fighting	2022-05-24	$19.99	Global	Neo 3 Link Onboard,PICO 4 Onboard
Bartender VR Simulator	Game	Puzzle | Simulation	2022-05-24	$19.99	Global	Neo 3 Link Onboard,PICO 4 Onboard
Pixel Ripped 1995	Game	Adventure | RPG	2022-05-24	$19.99	No Korea	Neo 3 Link Onboard,PICO 4 Onboard
Horror Bar VR	Game	Simulation	2022-05-24	$19.99	Global	Neo 3 Link Onboard,PICO 4 Onboard
PowerBeatsVR	Game	Fitness	2022-05-24	$22.99	Global	Neo 3 Link Onboard,PICO 4 Onboard
SUPERHOT VR	Game	Puzzle | Action | Fighting	2022-05-24	$24.99	Global	Neo 3 Link Onboard,PICO 4 Onboard
SWARM	Game	Shooter	2022-05-24	$24.99	Global	Neo 3 Link Onboard,PICO 4 Onboard
Red Matter	Game	Adventure	2022-05-24	$24.99	Global	Neo 3 Link Onboard,PICO 4 Onboard
Zero Caliber: Reloaded	Game	Shooter	2022-05-24	$24.99	Global	Neo 3 Link Onboard,PICO 4 Onboard
Ragnarock	Game	Music | Rhythm	2022-05-24	$24.99	Global	Neo 3 Link Onboard,PICO 4 Onboard
The Exorcist: Legion VR	Game	Shooter	2022-05-24	$24.99	No Korea	Neo 3 Link Onboard,PICO 4 Onboard
Tribe XR | DJ in VR	Game	Music | Rhythm | Simulation	2022-05-24	$29.99	Global	Neo 3 Link Onboard,PICO 4 Onboard
In Death: Unchained	Game	Shooter | Adventure	2022-05-24	$29.99	Global	Neo 3 Link Onboard,PICO 4 Onboard
Larcenauts Int	Game	Shooter | RPG	2022-05-24	$29.99	Global	Neo 3 Link Onboard,PICO 4 Onboard
Demeo Global	Game	Social | RPG	2022-05-24	$29.99	Global	Neo 3 Link Onboard,PICO 4 Onboard
Sam & Max: This Time It's Virtual!	Game	Puzzle | Adventure	2022-05-24	$29.99	Global	Neo 3 Link Onboard,PICO 4 Onboard
Dragon Fist: VR Kung Fu	Game	Action | Fighting	2022-05-24	$29.99	Global	Neo 3 Link Onboard,PICO 4 Onboard
After the Fall®	Game	Shooter	2022-05-24	$39.99	Global	Neo 3 Link Onboard,PICO 4 Onboard
Arizona Sunshine®	Game	Shooter	2022-05-24	$39.99	Global	Neo 3 Link Onboard,PICO 4 Onboard
ALTDEUS: Beyond Chronos	Game	Adventure | RPG	2022-05-24	$39.99	Global	Neo 3 Link Onboard,PICO 4 Onboard
Operation Wolf Returns	Game	Action | Shooter	2023-07-20	£18.49	Global	PICO 4 Onboard
Box To The Beat Demo	Game	Music | Sports | Casual	2023-07-28	£0.00	Global	PICO 4 Onboard
Espire 2	Game	Shooter | Sci-Fi | Action	2023-07-20	£21.99	Global	PICO 4 Onboard
Gravity League	Game	Sports	2023-07-26	£0.00	Global	PICO 4 Onboard
Project Terminus VR	Game	Horror | Adventure | Casual	2023-07-13	£14.99	Global	PICO 4 Onboard
Aimtropolis	Game	Shooter | Action | Casual	2023-07-13	£13.49	Global	PICO 4 Onboard
Pressure Washer	Game	Simulation | Relaxation | Casual	2023-07-10	£7.99	Global	PICO 4 Onboard
Job Simulator	Game	Simulation | Action | Adventure	2023-07-27	-	Global	PICO 4 Onboard
Moon VR Video Player	App	Other	2023-07-27	-	Global	PICO 4 Onboard
DYSCHRONIA	Game	Action | Puzzle | Sci-Fi	2023-07-27	-	Global	PICO 4 Onboard
Vacation Simulator	Game	Simulation | Action | Adventure	2023-07-27	-	Global	PICO 4 Onboard
GRAB	Game	Sports | Explore | Social	2023-07-27	-	Global	PICO 4 Onboard
Real Go Stop VR	Game	Sport | Casual | Simulation	2023-08-03	£0.00	Global	PICO 4 Onboard
Shuttle Maze	Game	Puzzle | Action	2023-08-03	£8.99	Global	PICO 4 Onboard